<?xml version="1.0" encoding="UTF-8"?>
<project-private xmlns="http://www.netbeans.org/ns/project-private/1">
    <editor-bookmarks xmlns="http://www.netbeans.org/ns/editor-bookmarks/2" lastBookmarkId="0"/>
    <open-files xmlns="http://www.netbeans.org/ns/projectui-open-files/2">
        <group>
            <file>file:/Users/joelpinheiro/Documents/GitHub/CatchThief/src/board/package-info.java</file>
            <file>file:/Users/joelpinheiro/Documents/GitHub/CatchThief/src/informationCentral/package-info.java</file>
            <file>file:/Users/joelpinheiro/Documents/GitHub/CatchThief/src/board/labyrinth.txt</file>
            <file>file:/Users/joelpinheiro/Documents/GitHub/CatchThief/src/catchthief/package-info.java</file>
            <file>file:/Users/joelpinheiro/Documents/GitHub/CatchThief/src/informationCentral/InformationCentralMonitor.java</file>
            <file>file:/Users/joelpinheiro/Documents/GitHub/CatchThief/src/threads/Cop.java</file>
            <file>file:/Users/joelpinheiro/Documents/GitHub/CatchThief/src/gps/GPSMonitor.java</file>
            <file>file:/Users/joelpinheiro/Documents/GitHub/CatchThief/src/gps/package-info.java</file>
            <file>file:/Users/joelpinheiro/Documents/GitHub/CatchThief/src/catchthief/Main.java</file>
            <file>file:/Users/joelpinheiro/Documents/GitHub/CatchThief/src/board/city_map.txt</file>
            <file>file:/Users/joelpinheiro/Documents/GitHub/CatchThief/src/board/Board.java</file>
            <file>file:/Users/joelpinheiro/Documents/GitHub/CatchThief/src/pt/ua/gboard/package-info.java</file>
            <file>file:/Users/joelpinheiro/Documents/GitHub/CatchThief/src/threads/package-info.java</file>
        </group>
    </open-files>
</project-private>
